model_name,rmse,mae,r2_score
Random Forest,460.12565548702605,412.10114508694295,-5.2223568978185
Gradient Boosting,386.3662734255982,340.7592557769359,-3.387331369531428
